{"N_Value": [1.009249370054315, 0.9827244680082524, 0.8417328080903239, 0.691220300205068, 0.6567512139824041, 0.6036649253386084, 0.43727182417709015, 0.422482002037741, 0.3923506872510007, 0.3861619987795746, 0.37156031553425595, 0.3703984719015919, 0.36261625847960544, 0.37564235341098645, 0.3806581899543868, 0.35418847018000876, 0.316712106046082, 0.3052518417441679, 0.27156797168642616, 0.29009404540139844, 0.28077581866680335, 0.26165528398565924, 0.17158440166736563, 0.14022809612109138, 0.09466840247935776, 0.07479037015252112, 0.07878159215389885, 0.10077046344842211, 0.1345771266081666, 0.14118975644620319, 0.17512065027852444, 0.2077718884463997, 0.2538008747616732, 0.2958836019176914, 0.3061870566352403, 0.3281138053008324, 0.3330533849077202, 0.34144298789532657, 0.33667735852874925, 0.3215595639097948, 0.30180721143472006, 0.2907222820844162, 0.2584019082230746, 0.2558414537654683, 0.2561219498305905, 0.25497995043430177, 0.26149934884819337, 0.26059201880734784, 0.23681564590820173, 0.23227364439207165], "SC_Value": [1.0254663843054497, 0.8442460081084349, 0.5107753314448332, 0.37106886723440885, 0.3142830545914135, 0.2695999526087708, 0.2651890797334546, 0.23241503191074192, 0.2379818458816309, 0.2295343373563842, 0.2209194325013017, 0.20828145896110484, 0.18103122902907492, 0.1537812467987411, 0.1292979857310685, 0.12251947065456424, 0.11554141982074329, 0.11242213885395676, 0.10992131081858848, 0.10546035105227171, 0.10731029232970844, 0.10930620470201963, 0.09863158329516608, 0.09397336589822139, 0.09579270209660783, 0.08463836290987334, 0.08435941275702499, 0.08856684654294956, 0.09328845932192041, 0.0997679072716588, 0.0948100097719464, 0.09970643976212128, 0.09830703394335034, 0.09620402110608425, 0.10744283790852202, 0.1363406247815587, 0.158396825657229, 0.15862531433261082, 0.14999710959543938, 0.1355943461493366, 0.12498184021258392, 0.11682704346528824, 0.1239485336914361, 0.12996980985681328, 0.14163585541075496, 0.1526745879343537, 0.17018726349396474, 0.16747213071944153, 0.18352412927598738, 0.2138192962738255], "ST_Value": [1.0244943795807044, 0.9248920506947607, 0.7003300675528901, 0.49306741693151324, 0.4276505899939997, 0.39882524961486937, 0.3673873078994024, 0.3539644177225808, 0.3501821294589201, 0.3448334743080364, 0.343060892380218, 0.3439362258240418, 0.348753953250285, 0.3510094303787213, 0.33959953007431537, 0.3327060371684831, 0.3290833348571008, 0.33421145691531307, 0.34010207848695917, 0.3477054244148069, 0.35348585897185125, 0.3750809040828061, 0.4165445395201979, 0.43095184192572145, 0.45626058085408244, 0.4799795576219242, 0.5261774352908304, 0.5165807854253082, 0.5627635680131191, 0.5984690684965926, 0.583850048848153, 0.6475271989706584, 0.7095848826170742, 0.7752902863813068, 0.682906654602765, 0.6167325155417558, 0.5844561307849302, 0.5884059130787312, 0.6360619752111583, 0.7172764245625408, 0.7166724275142025, 0.6433752493191631, 0.5701401308664362, 0.5351747634388597, 0.530842216668997, 0.5225846136147094, 0.5096383869431728, 0.47324086986779174, 0.4603012698620237, 0.44381136691604833], "Avg_RMSE": [[{"copy": true, "max_iter": 500, "n_components": 1, "scale": true, "tol": 1e-06}, 1.0197367113134896], [{"copy": true, "max_iter": 500, "n_components": 2, "scale": true, "tol": 1e-06}, 0.9172875089371493], [{"copy": true, "max_iter": 500, "n_components": 3, "scale": true, "tol": 1e-06}, 0.6842794023626824], [{"copy": true, "max_iter": 500, "n_components": 4, "scale": true, "tol": 1e-06}, 0.51845219479033], [{"copy": true, "max_iter": 500, "n_components": 5, "scale": true, "tol": 1e-06}, 0.4662282861892724], [{"copy": true, "max_iter": 500, "n_components": 6, "scale": true, "tol": 1e-06}, 0.4240300425207495], [{"copy": true, "max_iter": 500, "n_components": 7, "scale": true, "tol": 1e-06}, 0.3566160706033157], [{"copy": true, "max_iter": 500, "n_components": 8, "scale": true, "tol": 1e-06}, 0.33628715055702124], [{"copy": true, "max_iter": 500, "n_components": 9, "scale": true, "tol": 1e-06}, 0.32683822086385056], [{"copy": true, "max_iter": 500, "n_components": 10, "scale": true, "tol": 1e-06}, 0.32017660348133176], [{"copy": true, "max_iter": 500, "n_components": 11, "scale": true, "tol": 1e-06}, 0.3118468801385919], [{"copy": true, "max_iter": 500, "n_components": 12, "scale": true, "tol": 1e-06}, 0.30753871889557954], [{"copy": true, "max_iter": 500, "n_components": 13, "scale": true, "tol": 1e-06}, 0.2974671469196551], [{"copy": true, "max_iter": 500, "n_components": 14, "scale": true, "tol": 1e-06}, 0.2934776768628163], [{"copy": true, "max_iter": 500, "n_components": 15, "scale": true, "tol": 1e-06}, 0.2831852352532569], [{"copy": true, "max_iter": 500, "n_components": 16, "scale": true, "tol": 1e-06}, 0.26980465933435205], [{"copy": true, "max_iter": 500, "n_components": 17, "scale": true, "tol": 1e-06}, 0.25377895357464203], [{"copy": true, "max_iter": 500, "n_components": 18, "scale": true, "tol": 1e-06}, 0.2506284791711459], [{"copy": true, "max_iter": 500, "n_components": 19, "scale": true, "tol": 1e-06}, 0.24053045366399126], [{"copy": true, "max_iter": 500, "n_components": 20, "scale": true, "tol": 1e-06}, 0.2477532736228257], [{"copy": true, "max_iter": 500, "n_components": 21, "scale": true, "tol": 1e-06}, 0.24719065665612103], [{"copy": true, "max_iter": 500, "n_components": 22, "scale": true, "tol": 1e-06}, 0.24868079759016162], [{"copy": true, "max_iter": 500, "n_components": 23, "scale": true, "tol": 1e-06}, 0.22892017482757654], [{"copy": true, "max_iter": 500, "n_components": 24, "scale": true, "tol": 1e-06}, 0.22171776798167808], [{"copy": true, "max_iter": 500, "n_components": 25, "scale": true, "tol": 1e-06}, 0.21557389514334935], [{"copy": true, "max_iter": 500, "n_components": 26, "scale": true, "tol": 1e-06}, 0.21313609689477286], [{"copy": true, "max_iter": 500, "n_components": 27, "scale": true, "tol": 1e-06}, 0.22977281340058475], [{"copy": true, "max_iter": 500, "n_components": 28, "scale": true, "tol": 1e-06}, 0.23530603180555995], [{"copy": true, "max_iter": 500, "n_components": 29, "scale": true, "tol": 1e-06}, 0.26354305131440203], [{"copy": true, "max_iter": 500, "n_components": 30, "scale": true, "tol": 1e-06}, 0.27980891073815156], [{"copy": true, "max_iter": 500, "n_components": 31, "scale": true, "tol": 1e-06}, 0.2845935696328746], [{"copy": true, "max_iter": 500, "n_components": 32, "scale": true, "tol": 1e-06}, 0.3183351757263931], [{"copy": true, "max_iter": 500, "n_components": 33, "scale": true, "tol": 1e-06}, 0.3538975971073659], [{"copy": true, "max_iter": 500, "n_components": 34, "scale": true, "tol": 1e-06}, 0.38912596980169417], [{"copy": true, "max_iter": 500, "n_components": 35, "scale": true, "tol": 1e-06}, 0.3655121830488424], [{"copy": true, "max_iter": 500, "n_components": 36, "scale": true, "tol": 1e-06}, 0.36039564854138223], [{"copy": true, "max_iter": 500, "n_components": 37, "scale": true, "tol": 1e-06}, 0.3586354471166264], [{"copy": true, "max_iter": 500, "n_components": 38, "scale": true, "tol": 1e-06}, 0.36282473843555624], [{"copy": true, "max_iter": 500, "n_components": 39, "scale": true, "tol": 1e-06}, 0.3742454811117823], [{"copy": true, "max_iter": 500, "n_components": 40, "scale": true, "tol": 1e-06}, 0.3914767782072241], [{"copy": true, "max_iter": 500, "n_components": 41, "scale": true, "tol": 1e-06}, 0.38115382638716877], [{"copy": true, "max_iter": 500, "n_components": 42, "scale": true, "tol": 1e-06}, 0.35030819162295584], [{"copy": true, "max_iter": 500, "n_components": 43, "scale": true, "tol": 1e-06}, 0.317496857593649], [{"copy": true, "max_iter": 500, "n_components": 44, "scale": true, "tol": 1e-06}, 0.3069953423537138], [{"copy": true, "max_iter": 500, "n_components": 45, "scale": true, "tol": 1e-06}, 0.30953334063678084], [{"copy": true, "max_iter": 500, "n_components": 46, "scale": true, "tol": 1e-06}, 0.31007971732778833], [{"copy": true, "max_iter": 500, "n_components": 47, "scale": true,