{"N_Value": [[{"copy": true, "max_iter": 500, "n_components": 1, "scale": true, "tol": 1e-06}, 1.009249370054315], [{"copy": true, "max_iter": 500, "n_components": 2, "scale": true, "tol": 1e-06}, 0.9827244680082524], [{"copy": true, "max_iter": 500, "n_components": 3, "scale": true, "tol": 1e-06}, 0.8417328080903239], [{"copy": true, "max_iter": 500, "n_components": 4, "scale": true, "tol": 1e-06}, 0.691220300205068], [{"copy": true, "max_iter": 500, "n_components": 5, "scale": true, "tol": 1e-06}, 0.6567512139824041], [{"copy": true, "max_iter": 500, "n_components": 6, "scale": true, "tol": 1e-06}, 0.6036649253386084], [{"copy": true, "max_iter": 500, "n_components": 7, "scale": true, "tol": 1e-06}, 0.43727182417709015], [{"copy": true, "max_iter": 500, "n_components": 8, "scale": true, "tol": 1e-06}, 0.422482002037741], [{"copy": true, "max_iter": 500, "n_components": 9, "scale": true, "tol": 1e-06}, 0.3923506872510007], [{"copy": true, "max_iter": 500, "n_components": 10, "scale": true, "tol": 1e-06}, 0.3861619987795746], [{"copy": true, "max_iter": 500, "n_components": 11, "scale": true, "tol": 1e-06}, 0.37156031553425595], [{"copy": true, "max_iter": 500, "n_components": 12, "scale": true, "tol": 1e-06}, 0.3703984719015919], [{"copy": true, "max_iter": 500, "n_components": 13, "scale": true, "tol": 1e-06}, 0.36261625847960544], [{"copy": true, "max_iter": 500, "n_components": 14, "scale": true, "tol": 1e-06}, 0.37564235341098645], [{"copy": true, "max_iter": 500, "n_components": 15, "scale": true, "tol": 1e-06}, 0.3806581899543868], [{"copy": true, "max_iter": 500, "n_components": 16, "scale": true, "tol": 1e-06}, 0.35418847018000876], [{"copy": true, "max_iter": 500, "n_components": 17, "scale": true, "tol": 1e-06}, 0.316712106046082], [{"copy": true, "max_iter": 500, "n_components": 18, "scale": true, "tol": 1e-06}, 0.3052518417441679], [{"copy": true, "max_iter": 500, "n_components": 19, "scale": true, "tol": 1e-06}, 0.27156797168642616], [{"copy": true, "max_iter": 500, "n_components": 20, "scale": true, "tol": 1e-06}, 0.29009404540139844], [{"copy": true, "max_iter": 500, "n_components": 21, "scale": true, "tol": 1e-06}, 0.28077581866680335], [{"copy": true, "max_iter": 500, "n_components": 22, "scale": true, "tol": 1e-06}, 0.26165528398565924], [{"copy": true, "max_iter": 500, "n_components": 23, "scale": true, "tol": 1e-06}, 0.17158440166736563], [{"copy": true, "max_iter": 500, "n_components": 24, "scale": true, "tol": 1e-06}, 0.14022809612109138], [{"copy": true, "max_iter": 500, "n_components": 25, "scale": true, "tol": 1e-06}, 0.09466840247935776], [{"copy": true, "max_iter": 500, "n_components": 26, "scale": true, "tol": 1e-06}, 0.07479037015252112], [{"copy": true, "max_iter": 500, "n_components": 27, "scale": true, "tol": 1e-06}, 0.07878159215389885], [{"copy": true, "max_iter": 500, "n_components": 28, "scale": true, "tol": 1e-06}, 0.10077046344842211], [{"copy": true, "max_iter": 500, "n_components": 29, "scale": true, "tol": 1e-06}, 0.1345771266081666], [{"copy": true, "max_iter": 500, "n_components": 30, "scale": true, "tol": 1e-06}, 0.14118975644620319], [{"copy": true, "max_iter": 500, "n_components": 31, "scale": true, "tol": 1e-06}, 0.17512065027852444], [{"copy": true, "max_iter": 500, "n_components": 32, "scale": true, "tol": 1e-06}, 0.2077718884463997], [{"copy": true, "max_iter": 500, "n_components": 33, "scale": true, "tol": 1e-06}, 0.2538008747616732], [{"copy": true, "max_iter": 500, "n_components": 34, "scale": true, "tol": 1e-06}, 0.2958836019176914], [{"copy": true, "max_iter": 500, "n_components": 35, "scale": true, "tol": 1e-06}, 0.3061870566352403], [{"copy": true, "max_iter": 500, "n_components": 36, "scale": true, "tol": 1e-06}, 0.3281138053008324], [{"copy": true, "max_iter": 500, "n_components": 37, "scale": true, "tol": 1e-06}, 0.3330533849077202], [{"copy": true, "max_iter": 500, "n_components": 38, "scale": true, "tol": 1e-06}, 0.34144298789532657], [{"copy": true, "max_iter": 500, "n_components": 39, "scale": true, "tol": 1e-06}, 0.33667735852874925], [{"copy": true, "max_iter": 500, "n_components": 40, "scale": true, "tol": 1e-06}, 0.3215595639097948], [{"copy": true, "max_iter": 500, "n_components": 41, "scale": true, "tol": 1e-06}, 0.30180721143472006], [{"copy": true, "max_iter": 500, "n_components": 42, "scale": true, "tol": 1e-06}, 0.2907222820844162], [{"copy": true, "max_iter": 500, "n_components": 43, "scale": true, "tol": 1e-06}, 0.2584019082230746], [{"copy": true, "max_iter": 500, "n_components": 44, "scale": true, "tol": 1e-06}, 0.2558414537654683], [{"copy": true, "max_iter": 500, "n_components": 45, "scale": true, "tol": 1e-06}, 0.2561219498305905], [{"copy": true, "max_iter": 500, "n_components": 46, "scale": true, "tol": 1e-06}, 0.25497995043430177], [{"copy": true, "max_iter": 500, "n_components": 47, "scale": true, "tol": 1e-06}, 0.26149934884819337], [{"copy": true, "max_iter": 500, "n_components": 48, "scale": true, "tol": 1e-06}, 0.26059201880734784], [{"copy": true, "max_iter": 500, "n_components": 49, "scale": true, "tol": 1e-06}, 0.23681564590820173], [{"copy": true, "max_iter": 500, "n_components": 50, "scale": true, "tol": 1e-06}, 0.23227364439207165]]}