{"SC_Value": [[{"copy": true, "max_iter": 500, "n_components": 1, "scale": true, "tol": 1e-06}, 1.0254663843054497], [{"copy": true, "max_iter": 500, "n_components": 2, "scale": true, "tol": 1e-06}, 0.8442460081084349], [{"copy": true, "max_iter": 500, "n_components": 3, "scale": true, "tol": 1e-06}, 0.5107753314448332], [{"copy": true, "max_iter": 500, "n_components": 4, "scale": true, "tol": 1e-06}, 0.37106886723440885], [{"copy": true, "max_iter": 500, "n_components": 5, "scale": true, "tol": 1e-06}, 0.3142830545914135], [{"copy": true, "max_iter": 500, "n_components": 6, "scale": true, "tol": 1e-06}, 0.2695999526087708], [{"copy": true, "max_iter": 500, "n_components": 7, "scale": true, "tol": 1e-06}, 0.2651890797334546], [{"copy": true, "max_iter": 500, "n_components": 8, "scale": true, "tol": 1e-06}, 0.23241503191074192], [{"copy": true, "max_iter": 500, "n_components": 9, "scale": true, "tol": 1e-06}, 0.2379818458816309], [{"copy": true, "max_iter": 500, "n_components": 10, "scale": true, "tol": 1e-06}, 0.2295343373563842], [{"copy": true, "max_iter": 500, "n_components": 11, "scale": true, "tol": 1e-06}, 0.2209194325013017], [{"copy": true, "max_iter": 500, "n_components": 12, "scale": true, "tol": 1e-06}, 0.20828145896110484], [{"copy": true, "max_iter": 500, "n_components": 13, "scale": true, "tol": 1e-06}, 0.18103122902907492], [{"copy": true, "max_iter": 500, "n_components": 14, "scale": true, "tol": 1e-06}, 0.1537812467987411], [{"copy": true, "max_iter": 500, "n_components": 15, "scale": true, "tol": 1e-06}, 0.1292979857310685], [{"copy": true, "max_iter": 500, "n_components": 16, "scale": true, "tol": 1e-06}, 0.12251947065456424], [{"copy": true, "max_iter": 500, "n_components": 17, "scale": true, "tol": 1e-06}, 0.11554141982074329], [{"copy": true, "max_iter": 500, "n_components": 18, "scale": true, "tol": 1e-06}, 0.11242213885395676], [{"copy": true, "max_iter": 500, "n_components": 19, "scale": true, "tol": 1e-06}, 0.10992131081858848], [{"copy": true, "max_iter": 500, "n_components": 20, "scale": true, "tol": 1e-06}, 0.10546035105227171], [{"copy": true, "max_iter": 500, "n_components": 21, "scale": true, "tol": 1e-06}, 0.10731029232970844], [{"copy": true, "max_iter": 500, "n_components": 22, "scale": true, "tol": 1e-06}, 0.10930620470201963], [{"copy": true, "max_iter": 500, "n_components": 23, "scale": true, "tol": 1e-06}, 0.09863158329516608], [{"copy": true, "max_iter": 500, "n_components": 24, "scale": true, "tol": 1e-06}, 0.09397336589822139], [{"copy": true, "max_iter": 500, "n_components": 25, "scale": true, "tol": 1e-06}, 0.09579270209660783], [{"copy": true, "max_iter": 500, "n_components": 26, "scale": true, "tol": 1e-06}, 0.08463836290987334], [{"copy": true, "max_iter": 500, "n_components": 27, "scale": true, "tol": 1e-06}, 0.08435941275702499], [{"copy": true, "max_iter": 500, "n_components": 28, "scale": true, "tol": 1e-06}, 0.08856684654294956], [{"copy": true, "max_iter": 500, "n_components": 29, "scale": true, "tol": 1e-06}, 0.09328845932192041], [{"copy": true, "max_iter": 500, "n_components": 30, "scale": true, "tol": 1e-06}, 0.0997679072716588], [{"copy": true, "max_iter": 500, "n_components": 31, "scale": true, "tol": 1e-06}, 0.0948100097719464], [{"copy": true, "max_iter": 500, "n_components": 32, "scale": true, "tol": 1e-06}, 0.09970643976212128], [{"copy": true, "max_iter": 500, "n_components": 33, "scale": true, "tol": 1e-06}, 0.09830703394335034], [{"copy": true, "max_iter": 500, "n_components": 34, "scale": true, "tol": 1e-06}, 0.09620402110608425], [{"copy": true, "max_iter": 500, "n_components": 35, "scale": true, "tol": 1e-06}, 0.10744283790852202], [{"copy": true, "max_iter": 500, "n_components": 36, "scale": true, "tol": 1e-06}, 0.1363406247815587], [{"copy": true, "max_iter": 500, "n_components": 37, "scale": true, "tol": 1e-06}, 0.158396825657229], [{"copy": true, "max_iter": 500, "n_components": 38, "scale": true, "tol": 1e-06}, 0.15862531433261082], [{"copy": true, "max_iter": 500, "n_components": 39, "scale": true, "tol": 1e-06}, 0.14999710959543938], [{"copy": true, "max_iter": 500, "n_components": 40, "scale": true, "tol": 1e-06}, 0.1355943461493366], [{"copy": true, "max_iter": 500, "n_components": 41, "scale": true, "tol": 1e-06}, 0.12498184021258392], [{"copy": true, "max_iter": 500, "n_components": 42, "scale": true, "tol": 1e-06}, 0.11682704346528824], [{"copy": true, "max_iter": 500, "n_components": 43, "scale": true, "tol": 1e-06}, 0.1239485336914361], [{"copy": true, "max_iter": 500, "n_components": 44, "scale": true, "tol": 1e-06}, 0.12996980985681328], [{"copy": true, "max_iter": 500, "n_components": 45, "scale": true, "tol": 1e-06}, 0.14163585541075496], [{"copy": true, "max_iter": 500, "n_components": 46, "scale": true, "tol": 1e-06}, 0.1526745879343537], [{"copy": true, "max_iter": 500, "n_components": 47, "scale": true, "tol": 1e-06}, 0.17018726349396474], [{"copy": true, "max_iter": 500, "n_components": 48, "scale": true, "tol": 1e-06}, 0.16747213071944153], [{"copy": true, "max_iter": 500, "n_components": 49, "scale": true, "tol": 1e-06}, 0.18352412927598738], [{"copy": true, "max_iter": 500, "n_components": 50, "scale": true, "tol": 1e-06}, 0.2138192962738255]]}