{"ST_Value": [[{"copy": true, "max_iter": 500, "n_components": 1, "scale": true, "tol": 1e-06}, 1.0244943795807044], [{"copy": true, "max_iter": 500, "n_components": 2, "scale": true, "tol": 1e-06}, 0.9248920506947607], [{"copy": true, "max_iter": 500, "n_components": 3, "scale": true, "tol": 1e-06}, 0.7003300675528901], [{"copy": true, "max_iter": 500, "n_components": 4, "scale": true, "tol": 1e-06}, 0.49306741693151324], [{"copy": true, "max_iter": 500, "n_components": 5, "scale": true, "tol": 1e-06}, 0.4276505899939997], [{"copy": true, "max_iter": 500, "n_components": 6, "scale": true, "tol": 1e-06}, 0.39882524961486937], [{"copy": true, "max_iter": 500, "n_components": 7, "scale": true, "tol": 1e-06}, 0.3673873078994024], [{"copy": true, "max_iter": 500, "n_components": 8, "scale": true, "tol": 1e-06}, 0.3539644177225808], [{"copy": true, "max_iter": 500, "n_components": 9, "scale": true, "tol": 1e-06}, 0.3501821294589201], [{"copy": true, "max_iter": 500, "n_components": 10, "scale": true, "tol": 1e-06}, 0.3448334743080364], [{"copy": true, "max_iter": 500, "n_components": 11, "scale": true, "tol": 1e-06}, 0.343060892380218], [{"copy": true, "max_iter": 500, "n_components": 12, "scale": true, "tol": 1e-06}, 0.3439362258240418], [{"copy": true, "max_iter": 500, "n_components": 13, "scale": true, "tol": 1e-06}, 0.348753953250285], [{"copy": true, "max_iter": 500, "n_components": 14, "scale": true, "tol": 1e-06}, 0.3510094303787213], [{"copy": true, "max_iter": 500, "n_components": 15, "scale": true, "tol": 1e-06}, 0.33959953007431537], [{"copy": true, "max_iter": 500, "n_components": 16, "scale": true, "tol": 1e-06}, 0.3327060371684831], [{"copy": true, "max_iter": 500, "n_components": 17, "scale": true, "tol": 1e-06}, 0.3290833348571008], [{"copy": true, "max_iter": 500, "n_components": 18, "scale": true, "tol": 1e-06}, 0.33421145691531307], [{"copy": true, "max_iter": 500, "n_components": 19, "scale": true, "tol": 1e-06}, 0.34010207848695917], [{"copy": true, "max_iter": 500, "n_components": 20, "scale": true, "tol": 1e-06}, 0.3477054244148069], [{"copy": true, "max_iter": 500, "n_components": 21, "scale": true, "tol": 1e-06}, 0.35348585897185125], [{"copy": true, "max_iter": 500, "n_components": 22, "scale": true, "tol": 1e-06}, 0.3750809040828061], [{"copy": true, "max_iter": 500, "n_components": 23, "scale": true, "tol": 1e-06}, 0.4165445395201979], [{"copy": true, "max_iter": 500, "n_components": 24, "scale": true, "tol": 1e-06}, 0.43095184192572145], [{"copy": true, "max_iter": 500, "n_components": 25, "scale": true, "tol": 1e-06}, 0.45626058085408244], [{"copy": true, "max_iter": 500, "n_components": 26, "scale": true, "tol": 1e-06}, 0.4799795576219242], [{"copy": true, "max_iter": 500, "n_components": 27, "scale": true, "tol": 1e-06}, 0.5261774352908304], [{"copy": true, "max_iter": 500, "n_components": 28, "scale": true, "tol": 1e-06}, 0.5165807854253082], [{"copy": true, "max_iter": 500, "n_components": 29, "scale": true, "tol": 1e-06}, 0.5627635680131191], [{"copy": true, "max_iter": 500, "n_components": 30, "scale": true, "tol": 1e-06}, 0.5984690684965926], [{"copy": true, "max_iter": 500, "n_components": 31, "scale": true, "tol": 1e-06}, 0.583850048848153], [{"copy": true, "max_iter": 500, "n_components": 32, "scale": true, "tol": 1e-06}, 0.6475271989706584], [{"copy": true, "max_iter": 500, "n_components": 33, "scale": true, "tol": 1e-06}, 0.7095848826170742], [{"copy": true, "max_iter": 500, "n_components": 34, "scale": true, "tol": 1e-06}, 0.7752902863813068], [{"copy": true, "max_iter": 500, "n_components": 35, "scale": true, "tol": 1e-06}, 0.682906654602765], [{"copy": true, "max_iter": 500, "n_components": 36, "scale": true, "tol": 1e-06}, 0.6167325155417558], [{"copy": true, "max_iter": 500, "n_components": 37, "scale": true, "tol": 1e-06}, 0.5844561307849302], [{"copy": true, "max_iter": 500, "n_components": 38, "scale": true, "tol": 1e-06}, 0.5884059130787312], [{"copy": true, "max_iter": 500, "n_components": 39, "scale": true, "tol": 1e-06}, 0.6360619752111583], [{"copy": true, "max_iter": 500, "n_components": 40, "scale": true, "tol": 1e-06}, 0.7172764245625408], [{"copy": true, "max_iter": 500, "n_components": 41, "scale": true, "tol": 1e-06}, 0.7166724275142025], [{"copy": true, "max_iter": 500, "n_components": 42, "scale": true, "tol": 1e-06}, 0.6433752493191631], [{"copy": true, "max_iter": 500, "n_components": 43, "scale": true, "tol": 1e-06}, 0.5701401308664362], [{"copy": true, "max_iter": 500, "n_components": 44, "scale": true, "tol": 1e-06}, 0.5351747634388597], [{"copy": true, "max_iter": 500, "n_components": 45, "scale": true, "tol": 1e-06}, 0.530842216668997], [{"copy": true, "max_iter": 500, "n_components": 46, "scale": true, "tol": 1e-06}, 0.5225846136147094], [{"copy": true, "max_iter": 500, "n_components": 47, "scale": true, "tol": 1e-06}, 0.5096383869431728], [{"copy": true, "max_iter": 500, "n_components": 48, "scale": true, "tol": 1e-06}, 0.47324086986779174], [{"copy": true, "max_iter": 500, "n_components": 49, "scale": true, "tol": 1e-06}, 0.4603012698620237], [{"copy": true, "max_iter": 500, "n_components": 50, "scale": true, "tol": 1e-06}, 0.44381136691604833]]}