{"N_Value": [0.07924736502072792, 0.07750248995814339, 0.07909592481550864, 0.08117547589029195, 0.07912421513712194, 0.3059313802879139, 0.4889940690300396, 0.0702004124860856, 0.07428758996742603, 0.08430936892982116], "SC_Value": [0.054365800865800444, 0.09938104843455532, 0.15959006071367382, 0.10602161009504737, 0.10197518618815328, 0.19237035571881772, 0.14933411807333155, 0.04279354135534191, 0.07383448268676868, 0.11441704690283816], "ST_Value": [0.301451527725734, 0.26402473742840815, 0.4045752370830812, 0.30407127174115317, 0.25344800556824654, 0.5666386308108707, 0.5405406537534828, 0.32551391388749096, 0.2541127219757984, 0.30135191849033555], "Avg_RMSE": [0.1450215645374208, 0.1469694252737023, 0.2144204075374212, 0.16375611924216416, 0.14484913563117394, 0.3549801222725341, 0.39295628028561796, 0.14616928924297282, 0.13407826487666435, 0.16669277810766495]}